{
  "ba_clip": 0.9148078725398313,
  "ba_conditions": 0.919641323024055,
  "speech_acc": 0.9072164948453608,
  "nonspeech_acc": 0.9223992502343018,
  "n_samples": 21340,
  "n_speech": 10670,
  "n_nonspeech": 10670,
  "dimension_metrics": {
    "duration": {
      "ba": 0.873840206185567,
      "n_conditions": 8,
      "conditions": [
        "dur_20ms",
        "dur_40ms",
        "dur_60ms",
        "dur_80ms",
        "dur_100ms",
        "dur_200ms",
        "dur_500ms",
        "dur_1000ms"
      ]
    },
    "snr": {
      "ba": 0.9580756013745705,
      "n_conditions": 6,
      "conditions": [
        "snr_-10dB",
        "snr_-5dB",
        "snr_0dB",
        "snr_5dB",
        "snr_10dB",
        "snr_20dB"
      ]
    },
    "reverb": {
      "ba": 0.9234536082474227,
      "n_conditions": 4,
      "conditions": [
        "reverb_none",
        "reverb_0.3s",
        "reverb_1.0s",
        "reverb_2.5s"
      ]
    },
    "filter": {
      "ba": 0.9231958762886598,
      "n_conditions": 4,
      "conditions": [
        "filter_none",
        "filter_bandpass",
        "filter_lowpass",
        "filter_highpass"
      ]
    }
  },
  "condition_metrics": {
    "dur_20ms": {
      "ba": 0.7247422680412371,
      "speech_acc": 0.47216494845360824,
      "nonspeech_acc": 0.977319587628866,
      "n_samples": 970,
      "n_speech": 485,
      "n_nonspeech": 485
    },
    "dur_40ms": {
      "ba": 0.8185567010309278,
      "speech_acc": 0.6845360824742268,
      "nonspeech_acc": 0.9525773195876288,
      "n_samples": 970,
      "n_speech": 485,
      "n_nonspeech": 485
    },
    "dur_60ms": {
      "ba": 0.856701030927835,
      "speech_acc": 0.7628865979381443,
      "nonspeech_acc": 0.9505154639175257,
      "n_samples": 970,
      "n_speech": 485,
      "n_nonspeech": 485
    },
    "dur_80ms": {
      "ba": 0.8701030927835052,
      "speech_acc": 0.8,
      "nonspeech_acc": 0.9402061855670103,
      "n_samples": 970,
      "n_speech": 485,
      "n_nonspeech": 485
    },
    "dur_100ms": {
      "ba": 0.902061855670103,
      "speech_acc": 0.8577319587628865,
      "nonspeech_acc": 0.9463917525773196,
      "n_samples": 970,
      "n_speech": 485,
      "n_nonspeech": 485
    },
    "dur_200ms": {
      "ba": 0.9360824742268041,
      "speech_acc": 0.934020618556701,
      "nonspeech_acc": 0.9381443298969072,
      "n_samples": 970,
      "n_speech": 485,
      "n_nonspeech": 485
    },
    "dur_500ms": {
      "ba": 0.9618556701030928,
      "speech_acc": 0.9855670103092784,
      "nonspeech_acc": 0.9381443298969072,
      "n_samples": 970,
      "n_speech": 485,
      "n_nonspeech": 485
    },
    "dur_1000ms": {
      "ba": 0.920618556701031,
      "speech_acc": 0.9463917525773196,
      "nonspeech_acc": 0.8948453608247423,
      "n_samples": 970,
      "n_speech": 485,
      "n_nonspeech": 485
    },
    "snr_-10dB": {
      "ba": 0.9536082474226804,
      "speech_acc": 0.9896907216494846,
      "nonspeech_acc": 0.9175257731958762,
      "n_samples": 970,
      "n_speech": 485,
      "n_nonspeech": 485
    },
    "snr_-5dB": {
      "ba": 0.9587628865979381,
      "speech_acc": 0.9979381443298969,
      "nonspeech_acc": 0.9195876288659793,
      "n_samples": 970,
      "n_speech": 485,
      "n_nonspeech": 485
    },
    "snr_0dB": {
      "ba": 0.9536082474226804,
      "speech_acc": 0.977319587628866,
      "nonspeech_acc": 0.9298969072164949,
      "n_samples": 970,
      "n_speech": 485,
      "n_nonspeech": 485
    },
    "snr_5dB": {
      "ba": 0.9597938144329896,
      "speech_acc": 0.977319587628866,
      "nonspeech_acc": 0.9422680412371134,
      "n_samples": 970,
      "n_speech": 485,
      "n_nonspeech": 485
    },
    "snr_10dB": {
      "ba": 0.9597938144329896,
      "speech_acc": 0.9711340206185567,
      "nonspeech_acc": 0.9484536082474226,
      "n_samples": 970,
      "n_speech": 485,
      "n_nonspeech": 485
    },
    "snr_20dB": {
      "ba": 0.9628865979381442,
      "speech_acc": 0.977319587628866,
      "nonspeech_acc": 0.9484536082474226,
      "n_samples": 970,
      "n_speech": 485,
      "n_nonspeech": 485
    },
    "reverb_none": {
      "ba": 0.9247422680412372,
      "speech_acc": 0.9505154639175257,
      "nonspeech_acc": 0.8989690721649485,
      "n_samples": 970,
      "n_speech": 485,
      "n_nonspeech": 485
    },
    "reverb_0.3s": {
      "ba": 0.9164948453608247,
      "speech_acc": 0.9484536082474226,
      "nonspeech_acc": 0.8845360824742268,
      "n_samples": 970,
      "n_speech": 485,
      "n_nonspeech": 485
    },
    "reverb_1.0s": {
      "ba": 0.9288659793814433,
      "speech_acc": 0.9731958762886598,
      "nonspeech_acc": 0.8845360824742268,
      "n_samples": 970,
      "n_speech": 485,
      "n_nonspeech": 485
    },
    "reverb_2.5s": {
      "ba": 0.9237113402061856,
      "speech_acc": 0.9443298969072165,
      "nonspeech_acc": 0.9030927835051547,
      "n_samples": 970,
      "n_speech": 485,
      "n_nonspeech": 485
    },
    "filter_none": {
      "ba": 0.9237113402061856,
      "speech_acc": 0.9463917525773196,
      "nonspeech_acc": 0.9010309278350516,
      "n_samples": 970,
      "n_speech": 485,
      "n_nonspeech": 485
    },
    "filter_bandpass": {
      "ba": 0.9247422680412372,
      "speech_acc": 0.954639175257732,
      "nonspeech_acc": 0.8948453608247423,
      "n_samples": 970,
      "n_speech": 485,
      "n_nonspeech": 485
    },
    "filter_lowpass": {
      "ba": 0.9195876288659794,
      "speech_acc": 0.9402061855670103,
      "nonspeech_acc": 0.8989690721649485,
      "n_samples": 970,
      "n_speech": 485,
      "n_nonspeech": 485
    },
    "filter_highpass": {
      "ba": 0.9247422680412372,
      "speech_acc": 0.9670103092783505,
      "nonspeech_acc": 0.8824742268041237,
      "n_samples": 970,
      "n_speech": 485,
      "n_nonspeech": 485
    }
  },
  "prompt": null,
  "checkpoint": "/mnt/fast/nobackup/users/gb0048/opro3_final/results/20260204_201138_COMPARATIVE_RUN/00_lora_training/checkpoints/final",
  "manifest": "/mnt/fast/nobackup/users/gb0048/opro3_final/data/processed/variants_validated_1000/test_metadata.csv"
}