{
  "ba_clip": 0.6136363636363635,
  "ba_conditions": 0.6171391752577319,
  "speech_acc": 0.6243673851921274,
  "nonspeech_acc": 0.6029053420805998,
  "n_samples": 21340,
  "n_speech": 10670,
  "n_nonspeech": 10670,
  "dimension_metrics": {
    "duration": {
      "ba": 0.5868556701030927,
      "n_conditions": 8,
      "conditions": [
        "dur_20ms",
        "dur_40ms",
        "dur_60ms",
        "dur_80ms",
        "dur_100ms",
        "dur_200ms",
        "dur_500ms",
        "dur_1000ms"
      ]
    },
    "snr": {
      "ba": 0.6391752577319587,
      "n_conditions": 6,
      "conditions": [
        "snr_-10dB",
        "snr_-5dB",
        "snr_0dB",
        "snr_5dB",
        "snr_10dB",
        "snr_20dB"
      ]
    },
    "reverb": {
      "ba": 0.6422680412371133,
      "n_conditions": 4,
      "conditions": [
        "reverb_none",
        "reverb_0.3s",
        "reverb_1.0s",
        "reverb_2.5s"
      ]
    },
    "filter": {
      "ba": 0.6002577319587629,
      "n_conditions": 4,
      "conditions": [
        "filter_none",
        "filter_bandpass",
        "filter_lowpass",
        "filter_highpass"
      ]
    }
  },
  "condition_metrics": {
    "dur_20ms": {
      "ba": 0.6206185567010309,
      "speech_acc": 0.9381443298969072,
      "nonspeech_acc": 0.3030927835051546,
      "n_samples": 970,
      "n_speech": 485,
      "n_nonspeech": 485
    },
    "dur_40ms": {
      "ba": 0.6164948453608248,
      "speech_acc": 0.9195876288659793,
      "nonspeech_acc": 0.3134020618556701,
      "n_samples": 970,
      "n_speech": 485,
      "n_nonspeech": 485
    },
    "dur_60ms": {
      "ba": 0.5711340206185567,
      "speech_acc": 0.8701030927835052,
      "nonspeech_acc": 0.2721649484536082,
      "n_samples": 970,
      "n_speech": 485,
      "n_nonspeech": 485
    },
    "dur_80ms": {
      "ba": 0.568041237113402,
      "speech_acc": 0.8783505154639175,
      "nonspeech_acc": 0.25773195876288657,
      "n_samples": 970,
      "n_speech": 485,
      "n_nonspeech": 485
    },
    "dur_100ms": {
      "ba": 0.5360824742268041,
      "speech_acc": 0.8268041237113402,
      "nonspeech_acc": 0.24536082474226803,
      "n_samples": 970,
      "n_speech": 485,
      "n_nonspeech": 485
    },
    "dur_200ms": {
      "ba": 0.5567010309278351,
      "speech_acc": 0.7505154639175258,
      "nonspeech_acc": 0.3628865979381443,
      "n_samples": 970,
      "n_speech": 485,
      "n_nonspeech": 485
    },
    "dur_500ms": {
      "ba": 0.5845360824742267,
      "speech_acc": 0.6350515463917525,
      "nonspeech_acc": 0.534020618556701,
      "n_samples": 970,
      "n_speech": 485,
      "n_nonspeech": 485
    },
    "dur_1000ms": {
      "ba": 0.6412371134020618,
      "speech_acc": 0.5072164948453608,
      "nonspeech_acc": 0.7752577319587629,
      "n_samples": 970,
      "n_speech": 485,
      "n_nonspeech": 485
    },
    "snr_-10dB": {
      "ba": 0.634020618556701,
      "speech_acc": 0.6494845360824743,
      "nonspeech_acc": 0.6185567010309279,
      "n_samples": 970,
      "n_speech": 485,
      "n_nonspeech": 485
    },
    "snr_-5dB": {
      "ba": 0.6536082474226804,
      "speech_acc": 0.6412371134020619,
      "nonspeech_acc": 0.6659793814432989,
      "n_samples": 970,
      "n_speech": 485,
      "n_nonspeech": 485
    },
    "snr_0dB": {
      "ba": 0.6618556701030928,
      "speech_acc": 0.622680412371134,
      "nonspeech_acc": 0.7010309278350515,
      "n_samples": 970,
      "n_speech": 485,
      "n_nonspeech": 485
    },
    "snr_5dB": {
      "ba": 0.6515463917525772,
      "speech_acc": 0.5402061855670103,
      "nonspeech_acc": 0.7628865979381443,
      "n_samples": 970,
      "n_speech": 485,
      "n_nonspeech": 485
    },
    "snr_10dB": {
      "ba": 0.6257731958762887,
      "speech_acc": 0.5051546391752577,
      "nonspeech_acc": 0.7463917525773196,
      "n_samples": 970,
      "n_speech": 485,
      "n_nonspeech": 485
    },
    "snr_20dB": {
      "ba": 0.6082474226804123,
      "speech_acc": 0.4824742268041237,
      "nonspeech_acc": 0.734020618556701,
      "n_samples": 970,
      "n_speech": 485,
      "n_nonspeech": 485
    },
    "reverb_none": {
      "ba": 0.6381443298969072,
      "speech_acc": 0.5072164948453608,
      "nonspeech_acc": 0.7690721649484537,
      "n_samples": 970,
      "n_speech": 485,
      "n_nonspeech": 485
    },
    "reverb_0.3s": {
      "ba": 0.6391752577319587,
      "speech_acc": 0.49690721649484537,
      "nonspeech_acc": 0.7814432989690722,
      "n_samples": 970,
      "n_speech": 485,
      "n_nonspeech": 485
    },
    "reverb_1.0s": {
      "ba": 0.6505154639175258,
      "speech_acc": 0.554639175257732,
      "nonspeech_acc": 0.7463917525773196,
      "n_samples": 970,
      "n_speech": 485,
      "n_nonspeech": 485
    },
    "reverb_2.5s": {
      "ba": 0.6412371134020618,
      "speech_acc": 0.511340206185567,
      "nonspeech_acc": 0.7711340206185567,
      "n_samples": 970,
      "n_speech": 485,
      "n_nonspeech": 485
    },
    "filter_none": {
      "ba": 0.6443298969072164,
      "speech_acc": 0.5072164948453608,
      "nonspeech_acc": 0.7814432989690722,
      "n_samples": 970,
      "n_speech": 485,
      "n_nonspeech": 485
    },
    "filter_bandpass": {
      "ba": 0.5505154639175258,
      "speech_acc": 0.44742268041237115,
      "nonspeech_acc": 0.6536082474226804,
      "n_samples": 970,
      "n_speech": 485,
      "n_nonspeech": 485
    },
    "filter_lowpass": {
      "ba": 0.6082474226804123,
      "speech_acc": 0.3938144329896907,
      "nonspeech_acc": 0.822680412371134,
      "n_samples": 970,
      "n_speech": 485,
      "n_nonspeech": 485
    },
    "filter_highpass": {
      "ba": 0.597938144329897,
      "speech_acc": 0.5505154639175258,
      "nonspeech_acc": 0.6453608247422681,
      "n_samples": 970,
      "n_speech": 485,
      "n_nonspeech": 485
    }
  },
  "prompt": null,
  "checkpoint": null,
  "manifest": "/mnt/fast/nobackup/users/gb0048/opro3_final/data/processed/variants_validated_1000/test_metadata.csv"
}