{
  "config_metrics": {
    "baseline": {
      "ba_clip": 0.6400656044985942,
      "ba_clip_ci": [
        0.6264735079241053,
        0.6535232135285782
      ],
      "recall_speech": 0.32080599812558575,
      "recall_speech_ci": [
        0.3120149012672862,
        0.32972607692197603
      ],
      "n_speech": 10670,
      "recall_nonspeech": 0.9593252108716026,
      "recall_nonspeech_ci": [
        0.9554088298135173,
        0.9629109745245714
      ],
      "n_nonspeech": 10670
    },
    "base_opro": {
      "ba_clip": 0.8261480787253983,
      "ba_clip_ci": [
        0.8138019840994686,
        0.8378396308837326
      ],
      "recall_speech": 0.7465791940018744,
      "recall_speech_ci": [
        0.7382382104091593,
        0.7547426925113695
      ],
      "n_speech": 10670,
      "recall_nonspeech": 0.9057169634489222,
      "recall_nonspeech_ci": [
        0.9000253123313571,
        0.9111165838081219
      ],
      "n_nonspeech": 10670
    },
    "lora": {
      "ba_clip": 0.8639643861293347,
      "ba_clip_ci": [
        0.851605593525455,
        0.8754717639612947
      ],
      "recall_speech": 0.8244611059044049,
      "recall_speech_ci": [
        0.817126343305564,
        0.8315623248475605
      ],
      "n_speech": 10670,
      "recall_nonspeech": 0.9034676663542643,
      "recall_nonspeech_ci": [
        0.8977180976218136,
        0.908926823348493
      ],
      "n_nonspeech": 10670
    },
    "lora_opro_classic": {
      "ba_clip": 0.9328959700093721,
      "ba_clip_ci": [
        0.9246952853563812,
        0.9403279223872724
      ],
      "recall_speech": 0.9282099343955014,
      "recall_speech_ci": [
        0.9231562542341681,
        0.9329553935970353
      ],
      "n_speech": 10670,
      "recall_nonspeech": 0.9375820056232428,
      "recall_nonspeech_ci": [
        0.9328325124222052,
        0.9420165319472167
      ],
      "n_nonspeech": 10670
    },
    "lora_opro_open": {
      "ba_clip": 0.8403936269915651,
      "ba_clip_ci": [
        0.8259905330412942,
        0.8543116083017528
      ],
      "recall_speech": 0.9498594189315839,
      "recall_speech_ci": [
        0.9455542407161917,
        0.9538407931182964
      ],
      "n_speech": 10670,
      "recall_nonspeech": 0.7309278350515463,
      "recall_nonspeech_ci": [
        0.7224311508738577,
        0.7392582998278461
      ],
      "n_nonspeech": 10670
    },
    "qwen3_baseline": {
      "ba_clip": 0.9108247422680412,
      "ba_clip_ci": [
        0.9036059024020799,
        0.9177548787007442
      ],
      "recall_speech": 0.8742268041237113,
      "recall_speech_ci": [
        0.8678000548761885,
        0.8803841888948764
      ],
      "n_speech": 10670,
      "recall_nonspeech": 0.9474226804123711,
      "recall_nonspeech_ci": [
        0.9430245167944024,
        0.9514987939401488
      ],
      "n_nonspeech": 10670
    },
    "qwen3_opro": {
      "ba_clip": 0.9137300843486411,
      "ba_clip_ci": [
        0.9059712500062803,
        0.9212038439509952
      ],
      "recall_speech": 0.8920337394564198,
      "recall_speech_ci": [
        0.8860035738938702,
        0.8977817232998097
      ],
      "n_speech": 10670,
      "recall_nonspeech": 0.9354264292408623,
      "recall_nonspeech_ci": [
        0.9306045771238559,
        0.9399348660417758
      ],
      "n_nonspeech": 10670
    },
    "lora_opro": {
      "ba_clip": 0.9328959700093721,
      "ba_clip_ci": [
        0.9246952853563812,
        0.9403279223872724
      ],
      "recall_speech": 0.9282099343955014,
      "recall_speech_ci": [
        0.9231562542341681,
        0.9329553935970353
      ],
      "n_speech": 10670,
      "recall_nonspeech": 0.9375820056232428,
      "recall_nonspeech_ci": [
        0.9328325124222052,
        0.9420165319472167
      ],
      "n_nonspeech": 10670
    }
  },
  "primary_comparisons": {
    "Baseline vs Base+OPRO": {
      "config_a": "baseline",
      "config_b": "base_opro",
      "delta_ba": -0.18608247422680413,
      "delta_ba_ci": [
        -0.19880830069075403,
        -0.17337660853762396
      ],
      "mcnemar": {
        "n_00": 12790,
        "n_01": 869,
        "n_10": 4840,
        "n_11": 2841,
        "n_total": 21340,
        "n_discordant": 5709,
        "discordant_rate": 0.2675257731958763,
        "p_value": 0.0
      },
      "p_value_raw": 0.0,
      "p_value_adjusted": 0.0,
      "significant": true
    },
    "Baseline vs LoRA+BasePrompt": {
      "config_a": "baseline",
      "config_b": "lora",
      "delta_ba": -0.2238987816307405,
      "delta_ba_ci": [
        -0.23566354528248037,
        -0.21211828877869413
      ],
      "mcnemar": {
        "n_00": 13009,
        "n_01": 650,
        "n_10": 5428,
        "n_11": 2253,
        "n_total": 21340,
        "n_discordant": 6078,
        "discordant_rate": 0.28481724461105906,
        "p_value": 0.0
      },
      "p_value_raw": 0.0,
      "p_value_adjusted": 0.0,
      "significant": true
    },
    "LoRA+BasePrompt vs LoRA+OPRO": {
      "config_a": "lora",
      "config_b": "lora_opro",
      "delta_ba": -0.0689315838800374,
      "delta_ba_ci": [
        -0.07855307248335808,
        -0.05930926706524297
      ],
      "mcnemar": {
        "n_00": 18058,
        "n_01": 379,
        "n_10": 1850,
        "n_11": 1053,
        "n_total": 21340,
        "n_discordant": 2229,
        "discordant_rate": 0.10445173383317713,
        "p_value": 1.3241047859847175e-231
      },
      "p_value_raw": 1.3241047859847175e-231,
      "p_value_adjusted": 2.648209571969435e-231,
      "significant": true
    },
    "LoRA+OPRO_Classic vs LoRA+OPRO_Open": {
      "config_a": "lora_opro_classic",
      "config_b": "lora_opro_open",
      "delta_ba": 0.09250234301780702,
      "delta_ba_ci": [
        0.07935076642624062,
        0.10579246174308375
      ],
      "mcnemar": {
        "n_00": 17121,
        "n_01": 2787,
        "n_10": 813,
        "n_11": 619,
        "n_total": 21340,
        "n_discordant": 3600,
        "discordant_rate": 0.16869728209934395,
        "p_value": 1.3574135103154703e-250
      },
      "p_value_raw": 1.3574135103154703e-250,
      "p_value_adjusted": 4.072240530946411e-250,
      "significant": true
    },
    "Qwen3 Baseline vs Qwen3+OPRO": {
      "config_a": "qwen3_baseline",
      "config_b": "qwen3_opro",
      "delta_ba": -0.002905342080599893,
      "delta_ba_ci": [
        -0.00607981509203333,
        0.0003611524344355167
      ],
      "mcnemar": {
        "n_00": 19162,
        "n_01": 275,
        "n_10": 337,
        "n_11": 1566,
        "n_total": 21340,
        "n_discordant": 612,
        "discordant_rate": 0.02867853795688847,
        "p_value": 0.013606393039171268
      },
      "p_value_raw": 0.013606393039171268,
      "p_value_adjusted": 0.013606393039171268,
      "significant": true
    }
  },
  "psychometric_thresholds": {
    "baseline": {
      "duration": {
        "DT50": {
          "point": 20.0,
          "censoring": "below_range",
          "ci": [
            20.0,
            20.0
          ]
        },
        "DT75": {
          "point": 1000.0,
          "censoring": "above_range",
          "ci": [
            1000.0,
            1000.0
          ]
        },
        "DT90": {
          "point": 1000.0,
          "censoring": "above_range",
          "ci": [
            1000.0,
            1000.0
          ]
        }
      },
      "snr": {
        "SNR75": {
          "point": 20.0,
          "censoring": "above_range",
          "ci": [
            20.0,
            20.0
          ]
        }
      }
    },
    "base_opro": {
      "duration": {
        "DT50": {
          "point": 20.0,
          "censoring": "below_range",
          "ci": [
            20.0,
            20.0
          ]
        },
        "DT75": {
          "point": 34.06504065040651,
          "censoring": "ok",