{
  "ba_clip": 0.9076850984067479,
  "ba_conditions": 0.9185459621993128,
  "speech_acc": 0.8969072164948454,
  "nonspeech_acc": 0.9184629803186504,
  "n_samples": 21340,
  "n_speech": 10670,
  "n_nonspeech": 10670,
  "dimension_metrics": {
    "duration": {
      "ba": 0.8454896907216495,
      "n_conditions": 8,
      "conditions": [
        "dur_20ms",
        "dur_40ms",
        "dur_60ms",
        "dur_80ms",
        "dur_100ms",
        "dur_200ms",
        "dur_500ms",
        "dur_1000ms"
      ]
    },
    "snr": {
      "ba": 0.9451890034364262,
      "n_conditions": 6,
      "conditions": [
        "snr_-10dB",
        "snr_-5dB",
        "snr_0dB",
        "snr_5dB",
        "snr_10dB",
        "snr_20dB"
      ]
    },
    "reverb": {
      "ba": 0.9438144329896907,
      "n_conditions": 4,
      "conditions": [
        "reverb_none",
        "reverb_0.3s",
        "reverb_1.0s",
        "reverb_2.5s"
      ]
    },
    "filter": {
      "ba": 0.9396907216494845,
      "n_conditions": 4,
      "conditions": [
        "filter_none",
        "filter_bandpass",
        "filter_lowpass",
        "filter_highpass"
      ]
    }
  },
  "condition_metrics": {
    "dur_20ms": {
      "ba": 0.656701030927835,
      "speech_acc": 0.31958762886597936,
      "nonspeech_acc": 0.9938144329896907,
      "n_samples": 970,
      "n_speech": 485,
      "n_nonspeech": 485
    },
    "dur_40ms": {
      "ba": 0.7525773195876289,
      "speech_acc": 0.534020618556701,
      "nonspeech_acc": 0.9711340206185567,
      "n_samples": 970,
      "n_speech": 485,
      "n_nonspeech": 485
    },
    "dur_60ms": {
      "ba": 0.8123711340206186,
      "speech_acc": 0.6742268041237114,
      "nonspeech_acc": 0.9505154639175257,
      "n_samples": 970,
      "n_speech": 485,
      "n_nonspeech": 485
    },
    "dur_80ms": {
      "ba": 0.8309278350515463,
      "speech_acc": 0.7134020618556701,
      "nonspeech_acc": 0.9484536082474226,
      "n_samples": 970,
      "n_speech": 485,
      "n_nonspeech": 485
    },
    "dur_100ms": {
      "ba": 0.8917525773195876,
      "speech_acc": 0.8268041237113402,
      "nonspeech_acc": 0.9567010309278351,
      "n_samples": 970,
      "n_speech": 485,
      "n_nonspeech": 485
    },
    "dur_200ms": {
      "ba": 0.920618556701031,
      "speech_acc": 0.9154639175257732,
      "nonspeech_acc": 0.9257731958762887,
      "n_samples": 970,
      "n_speech": 485,
      "n_nonspeech": 485
    },
    "dur_500ms": {
      "ba": 0.9597938144329897,
      "speech_acc": 0.9876288659793815,
      "nonspeech_acc": 0.931958762886598,
      "n_samples": 970,
      "n_speech": 485,
      "n_nonspeech": 485
    },
    "dur_1000ms": {
      "ba": 0.9391752577319588,
      "speech_acc": 0.9855670103092784,
      "nonspeech_acc": 0.8927835051546392,
      "n_samples": 970,
      "n_speech": 485,
      "n_nonspeech": 485
    },
    "snr_-10dB": {
      "ba": 0.9123711340206185,
      "speech_acc": 1.0,
      "nonspeech_acc": 0.8247422680412371,
      "n_samples": 970,
      "n_speech": 485,
      "n_nonspeech": 485
    },
    "snr_-5dB": {
      "ba": 0.9226804123711341,
      "speech_acc": 1.0,
      "nonspeech_acc": 0.845360824742268,
      "n_samples": 970,
      "n_speech": 485,
      "n_nonspeech": 485
    },
    "snr_0dB": {
      "ba": 0.9412371134020618,
      "speech_acc": 0.9876288659793815,
      "nonspeech_acc": 0.8948453608247423,
      "n_samples": 970,
      "n_speech": 485,
      "n_nonspeech": 485
    },
    "snr_5dB": {
      "ba": 0.9577319587628865,
      "speech_acc": 0.9835051546391752,
      "nonspeech_acc": 0.931958762886598,
      "n_samples": 970,
      "n_speech": 485,
      "n_nonspeech": 485
    },
    "snr_10dB": {
      "ba": 0.9670103092783505,
      "speech_acc": 0.979381443298969,
      "nonspeech_acc": 0.954639175257732,
      "n_samples": 970,
      "n_speech": 485,
      "n_nonspeech": 485
    },
    "snr_20dB": {
      "ba": 0.9701030927835051,
      "speech_acc": 0.977319587628866,
      "nonspeech_acc": 0.9628865979381444,
      "n_samples": 970,
      "n_speech": 485,
      "n_nonspeech": 485
    },
    "reverb_none": {
      "ba": 0.9432989690721649,
      "speech_acc": 0.9876288659793815,
      "nonspeech_acc": 0.8989690721649485,
      "n_samples": 970,
      "n_speech": 485,
      "n_nonspeech": 485
    },
    "reverb_0.3s": {
      "ba": 0.9412371134020618,
      "speech_acc": 0.9835051546391752,
      "nonspeech_acc": 0.8989690721649485,
      "n_samples": 970,
      "n_speech": 485,
      "n_nonspeech": 485
    },
    "reverb_1.0s": {
      "ba": 0.9402061855670103,
      "speech_acc": 0.9835051546391752,
      "nonspeech_acc": 0.8969072164948454,
      "n_samples": 970,
      "n_speech": 485,
      "n_nonspeech": 485
    },
    "reverb_2.5s": {
      "ba": 0.9505154639175257,
      "speech_acc": 0.9896907216494846,
      "nonspeech_acc": 0.911340206185567,
      "n_samples": 970,
      "n_speech": 485,
      "n_nonspeech": 485
    },
    "filter_none": {
      "ba": 0.9412371134020618,
      "speech_acc": 0.9855670103092784,
      "nonspeech_acc": 0.8969072164948454,
      "n_samples": 970,
      "n_speech": 485,
      "n_nonspeech": 485
    },
    "filter_bandpass": {
      "ba": 0.9329896907216495,
      "speech_acc": 0.9567010309278351,
      "nonspeech_acc": 0.9092783505154639,
      "n_samples": 970,
      "n_speech": 485,
      "n_nonspeech": 485
    },
    "filter_lowpass": {
      "ba": 0.9432989690721649,
      "speech_acc": 0.9731958762886598,
      "nonspeech_acc": 0.9134020618556701,
      "n_samples": 970,
      "n_speech": 485,
      "n_nonspeech": 485
    },
    "filter_highpass": {
      "ba": 0.9412371134020618,
      "speech_acc": 0.9876288659793815,
      "nonspeech_acc": 0.8948453608247423,
      "n_samples": 970,
      "n_speech": 485,
      "n_nonspeech": 485
    }
  },
  "prompt": null,
  "checkpoint": "/mnt/fast/nobackup/users/gb0048/opro3_final/audits/round3/data_curve/n256/train/checkpoints/final",
  "manifest": "/mnt/fast/nobackup/users/gb0048/opro3_final/data/processed/variants_validated_1000/test_metadata.csv",
  "quantization": "4bit"
}