{
  "ba_clip": 0.9328959700093721,
  "ba_conditions": 0.9425902061855671,
  "speech_acc": 0.9282099343955014,
  "nonspeech_acc": 0.9375820056232428,
  "n_samples": 21340,
  "n_speech": 10670,
  "n_nonspeech": 10670,
  "dimension_metrics": {
    "duration": {
      "ba": 0.8737113402061857,
      "n_conditions": 8,
      "conditions": [
        "dur_20ms",
        "dur_40ms",
        "dur_60ms",
        "dur_80ms",
        "dur_100ms",
        "dur_200ms",
        "dur_500ms",
        "dur_1000ms"
      ]
    },
    "snr": {
      "ba": 0.9737113402061857,
      "n_conditions": 6,
      "conditions": [
        "snr_-10dB",
        "snr_-5dB",
        "snr_0dB",
        "snr_5dB",
        "snr_10dB",
        "snr_20dB"
      ]
    },
    "reverb": {
      "ba": 0.9605670103092784,
      "n_conditions": 4,
      "conditions": [
        "reverb_none",
        "reverb_0.3s",
        "reverb_1.0s",
        "reverb_2.5s"
      ]
    },
    "filter": {
      "ba": 0.9623711340206185,
      "n_conditions": 4,
      "conditions": [
        "filter_none",
        "filter_bandpass",
        "filter_lowpass",
        "filter_highpass"
      ]
    }
  },
  "condition_metrics": {
    "dur_20ms": {
      "ba": 0.7144329896907217,
      "speech_acc": 0.4515463917525773,
      "nonspeech_acc": 0.977319587628866,
      "n_samples": 970,
      "n_speech": 485,
      "n_nonspeech": 485
    },
    "dur_40ms": {
      "ba": 0.8103092783505155,
      "speech_acc": 0.6804123711340206,
      "nonspeech_acc": 0.9402061855670103,
      "n_samples": 970,
      "n_speech": 485,
      "n_nonspeech": 485
    },
    "dur_60ms": {
      "ba": 0.8422680412371134,
      "speech_acc": 0.7505154639175258,
      "nonspeech_acc": 0.934020618556701,
      "n_samples": 970,
      "n_speech": 485,
      "n_nonspeech": 485
    },
    "dur_80ms": {
      "ba": 0.8670103092783505,
      "speech_acc": 0.7938144329896907,
      "nonspeech_acc": 0.9402061855670103,
      "n_samples": 970,
      "n_speech": 485,
      "n_nonspeech": 485
    },
    "dur_100ms": {
      "ba": 0.9072164948453608,
      "speech_acc": 0.8639175257731959,
      "nonspeech_acc": 0.9505154639175257,
      "n_samples": 970,
      "n_speech": 485,
      "n_nonspeech": 485
    },
    "dur_200ms": {
      "ba": 0.9329896907216495,
      "speech_acc": 0.9443298969072165,
      "nonspeech_acc": 0.9216494845360824,
      "n_samples": 970,
      "n_speech": 485,
      "n_nonspeech": 485
    },
    "dur_500ms": {
      "ba": 0.9618556701030928,
      "speech_acc": 0.9938144329896907,
      "nonspeech_acc": 0.9298969072164949,
      "n_samples": 970,
      "n_speech": 485,
      "n_nonspeech": 485
    },
    "dur_1000ms": {
      "ba": 0.9536082474226804,
      "speech_acc": 0.9958762886597938,
      "nonspeech_acc": 0.911340206185567,
      "n_samples": 970,
      "n_speech": 485,
      "n_nonspeech": 485
    },
    "snr_-10dB": {
      "ba": 0.9628865979381444,
      "speech_acc": 0.9958762886597938,
      "nonspeech_acc": 0.9298969072164949,
      "n_samples": 970,
      "n_speech": 485,
      "n_nonspeech": 485
    },
    "snr_-5dB": {
      "ba": 0.9618556701030928,
      "speech_acc": 1.0,
      "nonspeech_acc": 0.9237113402061856,
      "n_samples": 970,
      "n_speech": 485,
      "n_nonspeech": 485
    },
    "snr_0dB": {
      "ba": 0.9711340206185567,
      "speech_acc": 0.9979381443298969,
      "nonspeech_acc": 0.9443298969072165,
      "n_samples": 970,
      "n_speech": 485,
      "n_nonspeech": 485
    },
    "snr_5dB": {
      "ba": 0.9773195876288661,
      "speech_acc": 0.9979381443298969,
      "nonspeech_acc": 0.9567010309278351,
      "n_samples": 970,
      "n_speech": 485,
      "n_nonspeech": 485
    },
    "snr_10dB": {
      "ba": 0.9845360824742269,
      "speech_acc": 0.9979381443298969,
      "nonspeech_acc": 0.9711340206185567,
      "n_samples": 970,
      "n_speech": 485,
      "n_nonspeech": 485
    },
    "snr_20dB": {
      "ba": 0.9845360824742269,
      "speech_acc": 1.0,
      "nonspeech_acc": 0.9690721649484536,
      "n_samples": 970,
      "n_speech": 485,
      "n_nonspeech": 485
    },
    "reverb_none": {
      "ba": 0.9587628865979381,
      "speech_acc": 0.9958762886597938,
      "nonspeech_acc": 0.9216494845360824,
      "n_samples": 970,
      "n_speech": 485,
      "n_nonspeech": 485
    },
    "reverb_0.3s": {
      "ba": 0.9628865979381444,
      "speech_acc": 0.9958762886597938,
      "nonspeech_acc": 0.9298969072164949,
      "n_samples": 970,
      "n_speech": 485,
      "n_nonspeech": 485
    },
    "reverb_1.0s": {
      "ba": 0.9608247422680413,
      "speech_acc": 0.9958762886597938,
      "nonspeech_acc": 0.9257731958762887,
      "n_samples": 970,
      "n_speech": 485,
      "n_nonspeech": 485
    },
    "reverb_2.5s": {
      "ba": 0.9597938144329897,
      "speech_acc": 0.9958762886597938,
      "nonspeech_acc": 0.9237113402061856,
      "n_samples": 970,
      "n_speech": 485,
      "n_nonspeech": 485
    },
    "filter_none": {
      "ba": 0.9608247422680413,
      "speech_acc": 0.9958762886597938,
      "nonspeech_acc": 0.9257731958762887,
      "n_samples": 970,
      "n_speech": 485,
      "n_nonspeech": 485
    },
    "filter_bandpass": {
      "ba": 0.9628865979381442,
      "speech_acc": 0.9835051546391752,
      "nonspeech_acc": 0.9422680412371134,
      "n_samples": 970,
      "n_speech": 485,
      "n_nonspeech": 485
    },
    "filter_lowpass": {
      "ba": 0.9597938144329896,
      "speech_acc": 0.9979381443298969,
      "nonspeech_acc": 0.9216494845360824,
      "n_samples": 970,
      "n_speech": 485,
      "n_nonspeech": 485
    },
    "filter_highpass": {
      "ba": 0.965979381443299,
      "speech_acc": 0.9958762886597938,
      "nonspeech_acc": 0.9360824742268041,
      "n_samples": 970,
      "n_speech": 485,
      "n_nonspeech": 485
    }
  },
  "prompt": null,
  "checkpoint": "/mnt/fast/nobackup/users/gb0048/opro3_final/results/20260204_201138_COMPARATIVE_RUN/00_lora_training/checkpoints/final",
  "manifest": "/mnt/fast/nobackup/users/gb0048/opro3_final/data/processed/variants_validated_1000/test_metadata.csv"
}