{
  "ba_clip": 0.9131677600749766,
  "ba_conditions": 0.9244415807560138,
  "speech_acc": 0.8955951265229616,
  "nonspeech_acc": 0.9307403936269916,
  "n_samples": 21340,
  "n_speech": 10670,
  "n_nonspeech": 10670,
  "dimension_metrics": {
    "duration": {
      "ba": 0.8497422680412371,
      "n_conditions": 8,
      "conditions": [
        "dur_20ms",
        "dur_40ms",
        "dur_60ms",
        "dur_80ms",
        "dur_100ms",
        "dur_200ms",
        "dur_500ms",
        "dur_1000ms"
      ]
    },
    "snr": {
      "ba": 0.9498281786941581,
      "n_conditions": 6,
      "conditions": [
        "snr_-10dB",
        "snr_-5dB",
        "snr_0dB",
        "snr_5dB",
        "snr_10dB",
        "snr_20dB"
      ]
    },
    "reverb": {
      "ba": 0.95,
      "n_conditions": 4,
      "conditions": [
        "reverb_none",
        "reverb_0.3s",
        "reverb_1.0s",
        "reverb_2.5s"
      ]
    },
    "filter": {
      "ba": 0.9481958762886598,
      "n_conditions": 4,
      "conditions": [
        "filter_none",
        "filter_bandpass",
        "filter_lowpass",
        "filter_highpass"
      ]
    }
  },
  "condition_metrics": {
    "dur_20ms": {
      "ba": 0.6762886597938145,
      "speech_acc": 0.3628865979381443,
      "nonspeech_acc": 0.9896907216494846,
      "n_samples": 970,
      "n_speech": 485,
      "n_nonspeech": 485
    },
    "dur_40ms": {
      "ba": 0.7525773195876289,
      "speech_acc": 0.534020618556701,
      "nonspeech_acc": 0.9711340206185567,
      "n_samples": 970,
      "n_speech": 485,
      "n_nonspeech": 485
    },
    "dur_60ms": {
      "ba": 0.811340206185567,
      "speech_acc": 0.6618556701030928,
      "nonspeech_acc": 0.9608247422680413,
      "n_samples": 970,
      "n_speech": 485,
      "n_nonspeech": 485
    },
    "dur_80ms": {
      "ba": 0.8298969072164948,
      "speech_acc": 0.7072164948453609,
      "nonspeech_acc": 0.9525773195876288,
      "n_samples": 970,
      "n_speech": 485,
      "n_nonspeech": 485
    },
    "dur_100ms": {
      "ba": 0.8845360824742268,
      "speech_acc": 0.8103092783505155,
      "nonspeech_acc": 0.9587628865979382,
      "n_samples": 970,
      "n_speech": 485,
      "n_nonspeech": 485
    },
    "dur_200ms": {
      "ba": 0.931958762886598,
      "speech_acc": 0.9216494845360824,
      "nonspeech_acc": 0.9422680412371134,
      "n_samples": 970,
      "n_speech": 485,
      "n_nonspeech": 485
    },
    "dur_500ms": {
      "ba": 0.9597938144329896,
      "speech_acc": 0.9835051546391752,
      "nonspeech_acc": 0.9360824742268041,
      "n_samples": 970,
      "n_speech": 485,
      "n_nonspeech": 485
    },
    "dur_1000ms": {
      "ba": 0.9515463917525773,
      "speech_acc": 0.9835051546391752,
      "nonspeech_acc": 0.9195876288659793,
      "n_samples": 970,
      "n_speech": 485,
      "n_nonspeech": 485
    },
    "snr_-10dB": {
      "ba": 0.920618556701031,
      "speech_acc": 0.9979381443298969,
      "nonspeech_acc": 0.843298969072165,
      "n_samples": 970,
      "n_speech": 485,
      "n_nonspeech": 485
    },
    "snr_-5dB": {
      "ba": 0.9278350515463918,
      "speech_acc": 0.9958762886597938,
      "nonspeech_acc": 0.8597938144329897,
      "n_samples": 970,
      "n_speech": 485,
      "n_nonspeech": 485
    },
    "snr_0dB": {
      "ba": 0.9474226804123711,
      "speech_acc": 0.9876288659793815,
      "nonspeech_acc": 0.9072164948453608,
      "n_samples": 970,
      "n_speech": 485,
      "n_nonspeech": 485
    },
    "snr_5dB": {
      "ba": 0.9597938144329896,
      "speech_acc": 0.9835051546391752,
      "nonspeech_acc": 0.9360824742268041,
      "n_samples": 970,
      "n_speech": 485,
      "n_nonspeech": 485
    },
    "snr_10dB": {
      "ba": 0.968041237113402,
      "speech_acc": 0.9835051546391752,
      "nonspeech_acc": 0.9525773195876288,
      "n_samples": 970,
      "n_speech": 485,
      "n_nonspeech": 485
    },
    "snr_20dB": {
      "ba": 0.9752577319587629,
      "speech_acc": 0.9814432989690721,
      "nonspeech_acc": 0.9690721649484536,
      "n_samples": 970,
      "n_speech": 485,
      "n_nonspeech": 485
    },
    "reverb_none": {
      "ba": 0.9463917525773196,
      "speech_acc": 0.977319587628866,
      "nonspeech_acc": 0.9154639175257732,
      "n_samples": 970,
      "n_speech": 485,
      "n_nonspeech": 485
    },
    "reverb_0.3s": {
      "ba": 0.9505154639175257,
      "speech_acc": 0.979381443298969,
      "nonspeech_acc": 0.9216494845360824,
      "n_samples": 970,
      "n_speech": 485,
      "n_nonspeech": 485
    },
    "reverb_1.0s": {
      "ba": 0.9474226804123711,
      "speech_acc": 0.9814432989690721,
      "nonspeech_acc": 0.9134020618556701,
      "n_samples": 970,
      "n_speech": 485,
      "n_nonspeech": 485
    },
    "reverb_2.5s": {
      "ba": 0.9556701030927836,
      "speech_acc": 0.9855670103092784,
      "nonspeech_acc": 0.9257731958762887,
      "n_samples": 970,
      "n_speech": 485,
      "n_nonspeech": 485
    },
    "filter_none": {
      "ba": 0.9536082474226804,
      "speech_acc": 0.9835051546391752,
      "nonspeech_acc": 0.9237113402061856,
      "n_samples": 970,
      "n_speech": 485,
      "n_nonspeech": 485
    },
    "filter_bandpass": {
      "ba": 0.945360824742268,
      "speech_acc": 0.954639175257732,
      "nonspeech_acc": 0.9360824742268041,
      "n_samples": 970,
      "n_speech": 485,
      "n_nonspeech": 485
    },
    "filter_lowpass": {
      "ba": 0.945360824742268,
      "speech_acc": 0.9608247422680413,
      "nonspeech_acc": 0.9298969072164949,
      "n_samples": 970,
      "n_speech": 485,
      "n_nonspeech": 485
    },
    "filter_highpass": {
      "ba": 0.9484536082474226,
      "speech_acc": 0.9855670103092784,
      "nonspeech_acc": 0.911340206185567,
      "n_samples": 970,
      "n_speech": 485,
      "n_nonspeech": 485
    }
  },
  "prompt": null,
  "checkpoint": "/mnt/fast/nobackup/users/gb0048/opro3_final/audits/round3/data_curve/n512/train/checkpoints/final",
  "manifest": "/mnt/fast/nobackup/users/gb0048/opro3_final/data/processed/variants_validated_1000/test_metadata.csv",
  "quantization": "4bit"
}