{
  "ba_clip": 0.9108247422680412,
  "ba_conditions": 0.9298432130584193,
  "speech_acc": 0.8742268041237113,
  "nonspeech_acc": 0.9474226804123711,
  "n_samples": 21340,
  "n_speech": 10670,
  "n_nonspeech": 10670,
  "dimension_metrics": {
    "duration": {
      "ba": 0.7975515463917526,
      "n_conditions": 8,
      "conditions": [
        "dur_20ms",
        "dur_40ms",
        "dur_60ms",
        "dur_80ms",
        "dur_100ms",
        "dur_200ms",
        "dur_500ms",
        "dur_1000ms"
      ]
    },
    "snr": {
      "ba": 0.9852233676975946,
      "n_conditions": 6,
      "conditions": [
        "snr_-10dB",
        "snr_-5dB",
        "snr_0dB",
        "snr_5dB",
        "snr_10dB",
        "snr_20dB"
      ]
    },
    "reverb": {
      "ba": 0.9698453608247423,
      "n_conditions": 4,
      "conditions": [
        "reverb_none",
        "reverb_0.3s",
        "reverb_1.0s",
        "reverb_2.5s"
      ]
    },
    "filter": {
      "ba": 0.9667525773195876,
      "n_conditions": 4,
      "conditions": [
        "filter_none",
        "filter_bandpass",
        "filter_lowpass",
        "filter_highpass"
      ]
    }
  },
  "condition_metrics": {
    "dur_20ms": {
      "ba": 0.5,
      "speech_acc": 0.0,
      "nonspeech_acc": 1.0,
      "n_samples": 970,
      "n_speech": 485,
      "n_nonspeech": 485
    },
    "dur_40ms": {
      "ba": 0.6257731958762887,
      "speech_acc": 0.2515463917525773,
      "nonspeech_acc": 1.0,
      "n_samples": 970,
      "n_speech": 485,
      "n_nonspeech": 485
    },
    "dur_60ms": {
      "ba": 0.7422680412371134,
      "speech_acc": 0.5154639175257731,
      "nonspeech_acc": 0.9690721649484536,
      "n_samples": 970,
      "n_speech": 485,
      "n_nonspeech": 485
    },
    "dur_80ms": {
      "ba": 0.8144329896907216,
      "speech_acc": 0.7154639175257732,
      "nonspeech_acc": 0.9134020618556701,
      "n_samples": 970,
      "n_speech": 485,
      "n_nonspeech": 485
    },
    "dur_100ms": {
      "ba": 0.8567010309278351,
      "speech_acc": 0.8082474226804124,
      "nonspeech_acc": 0.9051546391752577,
      "n_samples": 970,
      "n_speech": 485,
      "n_nonspeech": 485
    },
    "dur_200ms": {
      "ba": 0.9144329896907217,
      "speech_acc": 0.954639175257732,
      "nonspeech_acc": 0.8742268041237113,
      "n_samples": 970,
      "n_speech": 485,
      "n_nonspeech": 485
    },
    "dur_500ms": {
      "ba": 0.9556701030927834,
      "speech_acc": 1.0,
      "nonspeech_acc": 0.911340206185567,
      "n_samples": 970,
      "n_speech": 485,
      "n_nonspeech": 485
    },
    "dur_1000ms": {
      "ba": 0.9711340206185567,
      "speech_acc": 1.0,
      "nonspeech_acc": 0.9422680412371134,
      "n_samples": 970,
      "n_speech": 485,
      "n_nonspeech": 485
    },
    "snr_-10dB": {
      "ba": 0.98659793814433,
      "speech_acc": 0.9896907216494846,
      "nonspeech_acc": 0.9835051546391752,
      "n_samples": 970,
      "n_speech": 485,
      "n_nonspeech": 485
    },
    "snr_-5dB": {
      "ba": 0.9845360824742269,
      "speech_acc": 0.9979381443298969,
      "nonspeech_acc": 0.9711340206185567,
      "n_samples": 970,
      "n_speech": 485,
      "n_nonspeech": 485
    },
    "snr_0dB": {
      "ba": 0.9876288659793815,
      "speech_acc": 1.0,
      "nonspeech_acc": 0.9752577319587629,
      "n_samples": 970,
      "n_speech": 485,
      "n_nonspeech": 485
    },
    "snr_5dB": {
      "ba": 0.9855670103092784,
      "speech_acc": 1.0,
      "nonspeech_acc": 0.9711340206185567,
      "n_samples": 970,
      "n_speech": 485,
      "n_nonspeech": 485
    },
    "snr_10dB": {
      "ba": 0.9855670103092784,
      "speech_acc": 1.0,
      "nonspeech_acc": 0.9711340206185567,
      "n_samples": 970,
      "n_speech": 485,
      "n_nonspeech": 485
    },
    "snr_20dB": {
      "ba": 0.9814432989690722,
      "speech_acc": 1.0,
      "nonspeech_acc": 0.9628865979381444,
      "n_samples": 970,
      "n_speech": 485,
      "n_nonspeech": 485
    },
    "reverb_none": {
      "ba": 0.9680412371134021,
      "speech_acc": 1.0,
      "nonspeech_acc": 0.9360824742268041,
      "n_samples": 970,
      "n_speech": 485,
      "n_nonspeech": 485
    },
    "reverb_0.3s": {
      "ba": 0.9731958762886598,
      "speech_acc": 1.0,
      "nonspeech_acc": 0.9463917525773196,
      "n_samples": 970,
      "n_speech": 485,
      "n_nonspeech": 485
    },
    "reverb_1.0s": {
      "ba": 0.9690721649484536,
      "speech_acc": 1.0,
      "nonspeech_acc": 0.9381443298969072,
      "n_samples": 970,
      "n_speech": 485,
      "n_nonspeech": 485
    },
    "reverb_2.5s": {
      "ba": 0.9690721649484536,
      "speech_acc": 1.0,
      "nonspeech_acc": 0.9381443298969072,
      "n_samples": 970,
      "n_speech": 485,
      "n_nonspeech": 485
    },
    "filter_none": {
      "ba": 0.9690721649484536,
      "speech_acc": 1.0,
      "nonspeech_acc": 0.9381443298969072,
      "n_samples": 970,
      "n_speech": 485,
      "n_nonspeech": 485
    },
    "filter_bandpass": {
      "ba": 0.9628865979381444,
      "speech_acc": 1.0,
      "nonspeech_acc": 0.9257731958762887,
      "n_samples": 970,
      "n_speech": 485,
      "n_nonspeech": 485
    },
    "filter_lowpass": {
      "ba": 0.9680412371134021,
      "speech_acc": 1.0,
      "nonspeech_acc": 0.9360824742268041,
      "n_samples": 970,
      "n_speech": 485,
      "n_nonspeech": 485
    },
    "filter_highpass": {
      "ba": 0.9670103092783505,
      "speech_acc": 1.0,
      "nonspeech_acc": 0.934020618556701,
      "n_samples": 970,
      "n_speech": 485,
      "n_nonspeech": 485
    }
  },
  "prompt": "Does this audio contain human speech? Answer SPEECH or NONSPEECH.",
  "checkpoint": null,
  "manifest": "/mnt/fast/nobackup/users/gb0048/opro3_final/data/processed/variants_validated_1000/test_metadata.csv"
}